"","name","korean","english","math","average"
"1","강서준",100,90,100,96.6666666666667
"2","김도형",90,100,80,90
"3","박정원",90,95,90,91.6666666666667
"4","이상훈",100,85,95,93.3333333333333
"5","최건우",85,100,100,95
